<project name="IntegrationTest" default="soapui-tests" basedir=".">
    <description>Runs the soapUI integration tests</description>

            <target name="soapui-tests">
	       <exec executable="/bin/bash"
	        failonerror="yes"
	        failifexecutionfails="yes"
             >
	     <arg value="/home/jenkins/ReadyAPI-1.6.0/bin/testrunner.sh"/>
	     <arg value="-sBackendAvailability"/>
	     <arg value="-cBackend"/>
	     <arg value="-P RegularWebserviceEndpoint=http://172.28.51.115/ws/soap"/>
	     <arg value="-P ServiceEndpoint=http://172.28.51.115/ws/soap"/>
	     <arg value="-ajJf"/>
	     <arg value="/mnt/diskstore/jenkinshome/jobs/SOAP_BackendAvailability/workspace"/>
	     <arg value="/mnt/ebs/disk1/tmo_config/jenkins_scripts/SOAP_BackendAvailability/eServiceSoapProject-soapui-project.xml"/>
	       </exec>
            </target>


</project>
